,stop,boardings
157,Addison Rd Metrorail Station,6880
885,New Carrollton Station,5352
883,Naylor Rd Station Bay H,4578
870,Morgan Blvd Metro Station,4355
312,Branch Ave Station Bus Bay J,3846
793,Largo Town Center Station,3701
615,Greenbelt Metro Station Bus Bay A,3414
1180,Southern Ave Station Bay E,3324
1320,West Hyattsville Station,3009
1238,Suitland Metrorail Station Bay D,2766
428,Capitol Heights Station Bay B,2643
483,Clinton Fringe Lot,2606
1179,Southern Ave Metro Rail Station at Bus Bay F,2146
1255,Takoma Langley Park Transit Center Bus Bay B,2080
480,Chrysler Dr at US RT 301,2075
794,Largo Town Center Station at Bus Bay E,1993
888,New Carrollton Station Bay F,1948
411,Campus Way South at College Station Dr (PGCC),1813
1056,Rhode Island (US RTE 1) at Mount Rainer Terminal,1677
852,Matapeake Business Dr at Target Store,1565
1009,Padgett's Corner,1499
484,Clinton Fringe Parking Lot,1344
569,Equestrian Center Lot 4,1342
1327,Woody Terrace at Woodyard Rd,1322
1144,SOUTHERN AVENUE METRO STATION & BUS BAY K,1310
704,Ikea at Bus Bay 2,1267
417,Capitol Heights - Arrival,1230
714,Iverson Mall,966
633,Greenway Center,949
910,Old Branch Ave at Coventry Way,904
515,Courthouse,895
350,Brightseat Rd at Maple Ridge Apts #2,891
907,Old Branch Ave at Allentown Way,878
568,Equestrian Center Lot 3,876
64,3930 Capitol Crossing Apts,858
1189,Southern Ave at Chesapeake St SE,846
915,Old Forestville Rd at Forestville Rd,821
1332,Woodyard Rd at Opp. Pine View Ln,805
470,Cheverly Metrorail Station Bay D,795
198,Allentown Rd at Temple Hill Rd,781
170,Addison Rd at Walker Mill Rd,778
389,Brooks Dr at Pennsylvania Ave,777
427,Capitol Heights Station,776
186,Allentown Rd at Brinkley Rd,773
836,Marlboro Pike at County Rd,772
640,Hamilton St at 31st Ave,770
508,County Administration Building,762
509,County Courthouse,726
756,Landover Metrorail Station,715
546,Donnell Dr at Pennsylvania Ave,694
156,Addison Rd Metrorail - Arrival,677
457,Cherrywood Ln at Greenbelt Rd (MD. RTE. 193),660
1293,University Blvd at Riggs Rd,649
471,Cheverly Station Bay D,641
614,Greenbelt Metro Station (Arrival),637
1202,Southern Maryland Hospital,620
940,Old Silver Hill Rd at Library,613
1281,Temple Hill Rd at St Barnabas Rd,586
1006,PGCC Perimeter Rd at Largo Rd,569
913,Old Branch Ave at PGCC Skilled Trade Center,543
1175,Silver Hill Rd at Pennsylvania Ave,536
188,Allentown Rd at Camp Springs Ave,516
213,Annapolis Rd at Edmonston Rd,513
1084,Ritchie Rd at Forest Park Dr,512
869,Mike Shapiro Dr at Sheila Ln,505
1115,Riverdale Rd at Carrollton Mall,503
922,Old Marlboro Pike at John Rogers Blvd,496
83,42nd Ave at Nicholson St,496
872,Motor Vehicle Administration,491
541,Doctors Community Hospital,488
1020,Piscataway Rd at Absher Ln,486
485,Clinton Manor,479
1243,Suitland Rd at Shadyside Ave,479
273,Baltimore Ave at Queensbury Rd,477
1045,RUBY LOCKHART BLVD AT CAMPUS WAY NORTH,473
167,Addison Rd at Ronald Rd,468
563,Elm St at Gov Oden Bowie Dr,455
1002,PG Plaza Station,455
889,New Carrollton Station Bay K,451
1003,PG Plaza Station Bus Bay H,447
365,Brinkley Rd at Henson Creek Apts,446
252,Baltimore Ave at Berwyn House Rd,444
1227,St Clair Dr at 28th Ave,442
711,Indian Head Highway at Oxon Farm Rd,441
857,McCormick Dr at Basil Ct,439
1334,Woodyard Rd at Pineview Ln,433
864,Mercantile Ln at Technology Way,428
359,Brinkley Rd at Brinkley Manor W Ent,425
942,Old Silver Hill Rd at Parkland Dr,425
545,Donnell Dr at Marlboro Pike,422
1214,Springhill Ln at Breezewood Dr,412
77,4258 Whitehall Square Apts,411
1200,Southern Ave at Wheeler Rd,411
1319,Walker Mill Road at Marlboro Pike,409
391,Brooks Drive at Marlboro Pike,409
1315,Walker Mill Rd at Rochell Ave,398
24,23rd Ave at Lewisdale Dr,395
158,Addison Rd at Adak St,395
565,Equestrian Center Lot 1,394
263,Baltimore Ave at Hartwick Rd,389
705,Ikea at Bus Bay 3,387
413,Campus Way South at Joyceton Dr,380
1256,Takoma Langley Park Transit Center Bus Bay B (hidden arrival),378
741,Kipling Pkwy at Marlboro Pike,378
1182,Southern Ave at 13th St SE,369
296,Bladensburg Rd at 38th St,367
122,9206 Springhill Lane,361
354,Brightseat Rd at Opp. Maple Ridge Apts #2,352
376,Brinkley Rd at Opp. Rosecroft Shopping Center,349
854,Maxwell Dr at Allentown Rd,346
1246,Suitland Rd at Towne Square Blvd,334
746,Lamont Dr at Carrollton Pkwy,332
657,Hanover Pkwy at Hanover Dr,323
313,Branchwood Towers,322
818,MLK Jr Hwy at Columbia Park Rd,322
751,Lamont Dr at Powhatan St,320
286,Belcrest Rd at PG Plaza,315
1212,Springhill Dr at Springhill Ln,314
1118,Riverdale Rd at Fountainbleau Dr,314
1049,Raleigh Rd at Culver St,314
367,Brinkley Rd at Huntley Square Dr,312
253,Baltimore Ave at Berwyn Rd,306
1001,PG Plaza,305
1259,Temple Hill Rd at Allentown Rd,303
755,Landover Metro Station Waiting Area,302
390,Brooks Dr at Ridley St,299
119,85th Avenue and Carrollon Manor,298
584,Forestville Rd at Parston Dr,293
84,42nd Ave at Oglethorpe St,290
1213,Springhill Ln at Breezewood Ct,289
214,Annapolis Rd at Riverdale Rd,288
989,Oxon Hill Rd at Riverside Plaza Apts,287
1184,Southern Ave at 9th St SE,285
1211,Springhill Dr at Cherrywood Ln,284
1051,Raleigh Rd at St Barnabas Rd,282
19,23rd Ave at Amherst Rd,282
849,Marlboro Pike at Walters Ln,279
1098,Ritchie Station Court Bus Stop #2,278
642,Hamilton St at 35th Ave,277
1025,Piscataway Rd at Pella Place,275
258,Baltimore Ave at East-West Hwy,275
715,Iverson St at 28th Ave,273
667,Harry S Truman Dr at Birdie Ln,271
288,Belcrest at PG Plaza Metrorail,270
763,Landover Rd at Annapolis Rd,268
648,Hampton Park Boulevard at Alaking Ct,268
874,Mt Rainier Terminal - Arrival,266
1263,Temple Hill Rd at Farmer Dr,266
1106,Riverdale Rd at 57th Ave,266
513,County Rd at Valley Brook Apts,261
1094,Ritchie Rd at Truck Way,257
31,28th Ave at Keith St,256
732,Kanawha St at 15th Ave,253
1216,Springhill Ln at Springhill Dr,253
611,Gov. Oden Bowie Dr at Rear C.A.B.,250
487,College Park Metro Station at Bus Bay B,250
330,Breezewood Dr at Cherrywood Ter,248
757,Landover Rd at 55th Ave,248
529,Denise Dr at Dutton Way,247
819,MLK Jr Hwy at Glen Willow Dr,246
531,Denise Dr at Rollins Ave,246
512,County Rd at Foster St,243
773,Largo Rd at Black Swan Dr,243
1290,University Blvd at 23rd Ave,242
1228,St George Blvd at Waterfront St,242
1095,Ritchie Rd at Vineyard Dr,238
535,District Heights Pkwy at Addison Rd S,238
540,District Heights Pkwy at Rochelle Ave,237
835,Manor at Victoria Park,237
255,Baltimore Ave at Cherokee St,234
52,38th St at Bunker Hill Rd,232
656,Hanover Pkwy at Greenway Center Dr,232
1310,WILSON BRIDGE DRIVE,231
437,Central Ave at Cindy Ln,230
753,Lamont Dr at Westbrook Dr,228
1090,Ritchie Rd at Ritchie Rd Spur,227
42,3209 75th Ave,226
496,Columbia Park Rd at Marshall Pl,225
310,Bock Rd at Wolf St,225
848,Marlboro Pike at Upland Ave,223
998,PALMER ROAD & INDIAN HEAD HIGHWAY,221
1328,Woody Terrace at Woodyard Road,220
1059,Rhode Island Ave at 38th St,216
607,Good Luck Rd at Parkdale HS,215
1137,SOUTHERN AVENUE & CHESAPEAKE STREET SE,214
1277,Temple Hill Rd at Rickey Ave,214
843,Marlboro Pike at Melwood Mall,213
655,Hanover Pkwy at Greenbrook Dr,212
547,Donnell Drive at Marlboro Pike,212
970,Oxon Hill Fringe Parking Lot Bus Bay B,211
324,Brandywine Road @ Northgate Parkway,211
1024,Piscataway Rd at Old Branch Ave,210
285,Belcrest Rd at Freedom Way,210
938,Old Pike Way at Dower House Rd,208
749,Lamont Dr at Lamont Pl,208
1092,Ritchie Rd at Roslyn Ave,207
329,Breezewood Dr at Cherrywood Ln,206
810,MLK Jr Hwy at 65th Ave,204
855,Maxwell Dr at Morris Ave,203
185,Allentown Rd at Allentown Way,202
582,Fisher Rd at St. Moritz Dr,201
63,38th St at Windom Rd,201
478,Chillum Rd at Queens Chapel Rd,201
70,4106 Whitehall Square Apts,200
744,Kipling Pkwy at Wintergreen Ave,200
93,5295 85th Ave,199
604,Good Luck Rd at Dawnwood Dr,199
1089,Ritchie Rd at Ritchie Dr,197
519,Crescent Rd at Gardenway,196
17,16th Ave at Cypress Creek Dr - in,196
287,Belcrest Rd at Queens Chapel Rd,196
561,East-West Hwy at Toledo Terrace,194
550,Dunmore Pl at Edgeworth Dr,194
503,Columbia Park Rd at Virginia Ave,193
950,Opp. 4174 Whitehall Square Apts,193
256,Baltimore Ave at Cherry Hill Road,192
1057,Rhode Island Ave at 34th Street,191
15,15th Ave at University Blvd,190
1322,Whitehall Square Apts at Community Hall,189
542,Dodge Park Rd at Hubbard Rd,189
1050,Raleigh Rd at Olson St,187
25,23rd Ave at Sheridan St,187
1191,Southern Ave at Forest Hills Apts,186
1234,Stuart Ln at Woodyard Rd,185
404,Campus Way North at Grey Gables Ct,185
871,Morris Ave at Maxwell Dr,184
469,Cheverly Ave at Montrose Rd,183
292,Beltway Plaza Shopping Center,182
664,Hanover Pkwy at Prem # 7800,180
1173,Silver Hill Rd at Parkway Terrace Dr,180
1276,Temple Hill Rd at Portal Ave,180
1054,Ray Rd at Cypress Creek Dr - in,180
905,Old Alexandria Ferry Rd at Woodyard Rd,180
562,Edgeworth Dr at Ritchie Rd,179
784,Largo Rd at Largo Landing,179
721,Jericho Residences (Southbound),179
477,Chillum Rd at Longford Dr,178
742,Kipling Pkwy at Opp. 7805 Ritchie Rd,178
530,Denise Dr at Epworth Way,177
334,Brightseat Rd at Ardwick-Ardmore Rd,177
651,Hampton Park Boulevard at Hampton Mall Dr,177
514,County Service Building,174
976,Oxon Hill Rd at 6246 Oxon Hill Rd,173
54,38th St at Hamilton St,172
20,23rd Ave at Banning Pl,171
663,Hanover Pkwy at Prem # 7718,171
74,4174 Whitehall Square Apts,171
451,Central Ave at Yeoman Pl,170
1197,Southern Ave at Robert Yedell Towers,169
619,Greenbelt Rd at Opp. Greenbelt Center,169
708,Indian Head Highway (MD. RTE. 210) at Southern Ave,168
314,Brandywine Rd & Gwynn Park High School,168
1130,Rollins Ave at Rollins Ln,168
1190,Southern Ave at Forest Hills Apartment,168
30,28th Ave at Keating St,166
643,Hamilton St at 36th Ave,166
410,Campus Way South at Central Ave,166
999,PALMER ROAD & OLD PALMER ROAD,165
1284,Timothy Branch Dr at Safeway Ent,164
931,Old Marlboro Pike at Roblee Dr,162
104,60th Ave at Seminole St,161
34,28th Pkwy at Afton St,161
789,Largo Rd at Water Fowl Way,160
366,Brinkley Rd at Huncrest Ent,160
990,Oxon Hill Rd at Rivertown Commons(6135),159
840,Marlboro Pike at Kipling Pkwy,159
1034,Queens Chapel Rd at Hamilton St,159
1113,Riverdale Rd at 67th Ave,158
247,Auth Rd at Henderson Way,158
909,Old Branch Ave at Arbutus Ln,157
962,Owens Rd at Kennebec St,157
239,Auburn Ave at Riverdale Rd,156
107,7600 Riverdale Rd,156
887,New Carrollton Station - Arrival,156
278,Baltimore Ave at Tecumseh St,156
284,Belcrest Rd at 6505 Belcrest Rd,155
1152,Saint Barnabas Rd at John Hanson Ln,155
824,MLK Jr Hwy at Sheriff Rd,155
1004,PG Sports Complex Front Ent.,155
22,23rd Ave at Drexel St,154
674,Hastings Dr at Peppermill Dr,154
58,38th St at Shepherd St,153
613,Greenbelt Metro Dr at Cherrywood Ln,153
260,Baltimore Ave at Guilford Rd,152
554,East Capitol St at Yost Pl,152
1224,St Barnabas Rd at Raleigh Rd,152
538,District Heights Pkwy at Marbury Ct (W),151
653,Hanover Pkwy at Green Manor Ct,150
481,Cipriano Rd at Brae Brooke Dr,150
516,Coventry Way at Old Alexandria Ferry Rd,150
602,Good Luck Rd at Cathedral Ave,150
548,Donnell Drive at Target Store,149
435,Central Ave at Brightseat Rd,148
172,Addison Rd at Wilburn St,147
1078,Ritchie Rd at Ashville Rd,147
1199,Southern Ave at United Medical Center,147
866,Merrimac St at 14th Ave,147
206,Annapolis Rd at 48th St,147
807,Lottsford Rd at Zachery St,147
1283,Temple Hill Rd at Weldon Dr,146
416,Campus Way at PGCC Perimeter Rd,146
201,Allentown Rd at Westchester Ct,145
712,Indian Head Highway at Southern Ave,145
232,Ashwood Dr at Dunmore Pl,145
377,Brinkley Rd at Roberts Dr,145
1121,Riverdale Rd at Opp. Heritage Square Apts,144
94,5401 85th Ave,144
216,Apollo Dr at Lottsford Rd,144
644,Hamilton St at 37th Ave,143
988,Oxon Hill Rd at Oxon Hill Plaza(6201),143
72,4138 Whitehall Square Apts - in,142
57,38th St at Perry St,141
710,Indian Head Highway at Audrey Ln,141
243,Auth Rd at Carswell Ave,141
500,Columbia Park Rd at South Club Dr,141
166,Addison Rd at James Farmer Way,140
893,OLD BRANCH AVENUE & ALLENTOWN WAY,140
1274,Temple Hill Rd at Piscataway Rd,140
168,Addison Rd at Seat Pleasant Dr,140
438,Central Ave at Daimler Dr,140
1070,Rhode Island Ave at Volta Ave,140
1198,Southern Ave at UNITED MEDICAL CENTER,140
1103,Riverdale Rd and 7600 Riverdale Road,139
342,Brightseat Rd at Evarts St,139
215,Apollo Dr at Arena Dr,138
1204,Southern Rd at Wheeler Rd,138
277,Baltimore Ave at Sheridan St,138
254,Baltimore Ave at Campus Dr,137
829,Madison St at Timber Creek Dr,136
782,Largo Rd at Kettering Dr,136
264,Baltimore Ave at Hollywood Rd,136
571,Fairlawn St at Colebrooke Dr,135
621,Greenbelt Road (MD. RTE. 193) at NASA Goddard Main Gate,135
1012,Pennsylvania Ave at Forestville Rd,135
33,28th Pkwy at 27th Ave,134
13,14th Ave at Langley Way,134
300,Bladensburg Rd at 42nd Ave,134
669,Harry S Truman Dr at Mt Lubentia Way,133
18,23rd Ave at  Beechwood Rd,133
379,Brinkley Rd at Rosecroft Shopping Center,132
536,District Heights Pkwy at Breton Dr,132
740,Kipling Pkwy at Marbury Dr,132
271,Baltimore Ave at Oglethorpe St,132
593,Garrett A. Morgan Blvd at Morgan Blvd Station,132
322,Brandywine Rd at Woodyard Rd,131
646,Hamilton St at 38th St,131
811,MLK Jr Hwy at 69th Pl,131
730,Judge's Dr at Pratt St,130
1120,Riverdale Rd at Mahoney Dr,130
191,Allentown Rd at Karen Anne Dr,130
268,Baltimore Ave at Lakeland Rd,128
1176,Silver Hill Rd at Randall Rd,128
1267,Temple Hill Rd at Kirbywood St,128
956,Opposite of Rose Croft Shopping Center,127
662,Hanover Pkwy at Ora Glen Dr,127
1286,Toledo Rd at Adelphi Rd,126
736,Kipling Pkwy at Brewton St,125
368,Brinkley Rd at John Hanson Ln,125
1062,Rhode Island Ave at 42nd Pl,123
384,Brinkley Rd at Temple Hill Rd,123
617,Greenbelt Rd at Greenway Center,122
1064,Rhode Island Ave at Bunker Hill Rd,122
1058,Rhode Island Ave at 37th St,121
1030,Possum Ct at Walker Mill Dr,121
1097,Ritchie Station Court Bus Stop #1,121
1230,Stuart Lane at Surratts Road,121
1237,Suitland Metro - Arrival,120
397,CAMPUS WAY NORTH AT LADY GROVE ROAD,120
1080,Ritchie Rd at D'arcy Rd,120
1086,Ritchie Rd at Napier Dr,120
850,Marlboro Pike at Whitney Pl,119
358,Brinkley Rd at Brinkley House W Ent,119
1244,Suitland Rd at Suitland Federal Center Gate 1,119
1275,Temple Hill Rd at Plata St,118
1270,Temple Hill Rd at Megan Dr,117
884,Naylor Rd Station Ent Drop Off Only,117
385,Brinkley Rd at Trude St,117
559,East-West Hwy at Toledo Ter,117
299,Bladensburg Rd at 41st Ave,117
381,Brinkley Rd at Shopton Pl,117
211,Annapolis Rd at 85th Ave,117
102,60th Ave at Greenbelt Rd,117
1291,University Blvd at Guilford Rd,116
1153,Sargent Rd at Rollingcrest Commons,116
828,Madison St at Ray Rd,115
974,Oxon Hill Rd at 6192 Oxon Hill Rd,115
317,Brandywine Rd at Cork Tree Way,115
949,Opp. 4138 Whitehall Square Apts,114
261,Baltimore Ave at Hamilton St,114
846,Marlboro Pike at Tucker's Restaurant,114
902,Old Alexandria Ferry Rd at Mike Shapiro Dr,114
701,INDIAN HEAD HIGHWAY & SOUTHERN AVENUE,113
343,Brightseat Rd at Girard St,113
583,Fisher Rd at Temple Blvd,113
576,Fisher Rd at Clow Ct,113
36,28th Pkwy at Duggan St,112
196,Allentown Rd at Perrie Ln,111
647,Hamilton St at 3900,111
162,Addison Rd at Drylog St,111
739,Kipling Pkwy at Harwood Rd,110
943,Olson St at Norcross St,110
100,5846 ALLENTOWN WAY,110
279,Baltimore Ave at Tuckerman St,110
543,Dodge Park Rd at Landover Rd,109
184,Allentown Rd at 5711 AFCU Allentown Rd,108
193,Allentown Rd at Old Branch Ave,108
1271,Temple Hill Rd at Old Temple Hill Rd,108
752,Lamont Dr at Quentin St,107
1177,Silver Hill Rd at Suitland Rd,107
1321,West Hyattsville Station - Arrival,107
189,Allentown Rd at Coolridge Rd,107
875,Nalley Rd at Capital View Dr,107
1217,St Barnabas Rd at Deer Park Dr,106
985,Oxon Hill Rd at Opposite Clipper Way (6383),106
822,MLK Jr Hwy at Roosevelt Ave,106
180,Ager Rd at Oglethorpe St,105
1079,Ritchie Rd at Central Ave,105
981,Oxon Hill Rd at John Hanson Ln,105
645,Hamilton St at 38th Ave,105
775,Largo Rd at Buck Ln,105
1093,Ritchie Rd at Shepherd St,104
826,MONUMENT AVE @ MGM CASINO,104
325,Brandywine Road @ Surrats Road,102
383,Brinkley Rd at Summerhill Rd,102
770,Lansdowne Village Apts,102
459,Cherrywood Ln at Springhill Drive,100
91,5150 Annapolis Rd,100
274,Baltimore Ave at Regents Dr,100
654,Hanover Pkwy at Greenbelt Rd,100
996,PALMER ROAD & DEVON HILLS DRIVE,99
323,Brandywine Road @ Killarney Street,99
169,Addison Rd at St Margaret's School,99
16,16th Ave at Cypress Creek Dr,99
1066,Rhode Island Ave at County Service Building - NB,99
283,Baltimore Avenue at Fox Street,99
1215,Springhill Ln at Market Ln,98
220,Ardwick-Ardmore Rd at MLK Jr Hwy,98
842,Marlboro Pike at Marwood Blvd N,98
1014,Pennsylvania Ave at Penn Crossing Dr,98
747,Lamont Dr at Donoghue Dr,98
1067,Rhode Island Ave at County Service Building - SB,97
812,MLK Jr Hwy at Addison Rd,97
207,Annapolis Rd at 53rd Pl,96
1099,Ritchie-Marlboro Rd & Sansbury Rd,96
103,60th Ave at Quebec St,96
867,Merrimac St at New Hampshire Ave Service Rd,96
579,Fisher Rd at Heather Hill,96
760,Landover Rd at 58th Ave,96
977,Oxon Hill Rd at 6400 Clipper Way,95
650,Hampton Park Boulevard at Edgeworth Dr,94
120,85th Avenue and Hiltop Apartments,94
394,CAMPUS WAY AT NORTH AT ST. JOSEPHS DRIVE,94
5,1100 Owens Rd,94
190,Allentown Rd at Dodge Ln,94
511,County Rd at Elmhurst St,93
1330,Woodyard Rd at Canberra Dr,93
1165,Sheriff Rd at Harvey Dr,93
1298,Valley Trail Ln at Catesby Ct,93
623,Greenbelt Road (MD. RTE. 193) at NASA Goddard Main Gate(PM),92
803,Lottsford Rd at Harry S. Truman Dr,92
975,Oxon Hill Rd at 6201 Oxon Hill Plaza,92
1239,Suitland Rd at 4410 Suitland Rd,92
473,Chillum Rd at 18th Ave - in,92
51,38th St at Allison St,92
200,Allentown Rd at Waldran Dr,92
414,Campus Way South at PGCC Perimeter Rd,91
270,Baltimore Ave at Metzerott Rd,91
495,Columbia Park Rd at Columbia Pl,91
138,ALLENTOWN ROAD & PADGETTS CORNER,91
502,Columbia Park Rd at Stanford Pl,91
1077,Ritchie Rd at Alberta Dr,91
1326,Wmap Rd at Icesat Rd,91
205,Annapolis Rd at 46th St,90
925,Old Marlboro Pike at Melwood Park Ave,90
821,MLK Jr Hwy at Hill Rd,90
1279,Temple Hill Rd at Southeast Mobile Estates,90
1053,Ray Rd at Cypress Creek Dr,89
777,Largo Rd at Drumsheugh Ln,89
219,Ardwick-Ardmore Rd at Extra Space Storage,89
173,Ager Rd and Oglethorpe St,88
328,Brandywine Road at Surrats Road,88
355,Brightseat Rd at Social Services Bldg.,88
304,Bock Rd at Belfast Drive,88
557,East-West Hwy at Metro Center Dr,88
820,MLK Jr Hwy at Greig St,87
1232,Stuart Ln at Topaz Court,87
1105,Riverdale Rd at 54th Ave,87
269,Baltimore Ave at Longfellow St,86
876,Nalley Rd at Crane Pl,86
1032,Quebec St at 58th Ave,84
1261,Temple Hill Rd at Cardwell Dr,84
259,Baltimore Ave at Erie St,84
1005,PGCC Perimeter Rd at Annex A Building,84
814,MLK Jr Hwy at Cabin Branch Dr,84
101,58th Ave at Berwyn Rd,84
566,Equestrian Center Lot 1 (Arrival),84
1031,Prince George's Plaza - Arrival,83
666,Hanover Pkwy at Village Park Dr,83
919,Old Marlboro Pike at Brooklee Dr,83
968,Owens Rd at Woodland Blvd,83
1129,Rollins Ave at Hanlon Street,83
1280,Temple Hill Rd at Spring Ter,83
1132,SOUTHERN AVENUE & 13TH STREET SE,82
969,Oxon Hill Fringe Lot,82
1229,Stars Entrance Gaylord Hotel at National Harbor Blvd,82
1036,Queens Chapel Rd at Nicholson St,82
837,Marlboro Pike at Forest Run Dr,82
678,Highview Pl at Brooke Rd,81
973,Oxon Hill Rd at 6130 Oxon Hill Rd,81
1112,Riverdale Rd at 64th Ave,81
652,Hampton Park Boulevard at Steeplechase,81
37,28th Pkwy at Fairlawn St,81
963,Owens Rd at Martin Dr,81
1269,Temple Hill Rd at Lambert Dr,80
26,23rd Ave at Woodberry St,80
680,Highview Pl at Keyworth Ct,80
1088,Ritchie Rd at Putnam Ln,80
7,1301 McCormick Dr,80
1035,Queens Chapel Rd at Lancer Dr,79
577,Fisher Rd at Damian Dr,79
373,Brinkley Rd at Middlefield Rd,79
900,Old Alexandria Ferry Rd at Malcolm Rd,79
1192,Southern Ave at Gunther St,79
1288,Truman Manor,79
1161,Sheriff Rd at Eaton Square Apartments,78
453,Chatsfield Way at Palmerton Ter,78
1007,PGCC Perimeter Rd at R.I. Bickford Building,78
549,Dower House Rd at Old Marlboro Pike,78
802,Lottsford Rd at Harry S. Truman,78
575,Fisher Rd at Brinkley Station Dr,78
926,Old Marlboro Pike at Melwood Rd,77
294,Benning Rd at Drum Ave,77
4,10800 Indian Head Highway at Fort Washington Manor,77
1287,Toledo Rd at Belcrest Rd,77
97,57th Ave at Berwyn Rd,76
208,Annapolis Rd at 53rd St,76
1313,Walker Mill Drive at Shady Glen Drive,76
1194,Southern Ave at Opp. Robert Yedell Towers,76
276,Baltimore Ave at Rossborough Ln,76
539,District Heights Pkwy at Marbury Dr (E),76
494,Columbia Park Rd at Clarkson Way,76
668,Harry S Truman Dr at Campus Way S,75
164,Addison Rd at Ernie Banks St,75
672,Harry S. Truman Dr at Lottsford,75
218,Ardwick-Ardmore Rd at Ardwick Pl,74
47,3417 Dodge Park Rd,73
1139,SOUTHERN AVENUE & FOREST HILLS APARTMENTS,73
606,Good Luck Rd at Oakland Ave,73
409,Campus Way S at Treetop Condo,73
881,Nalley Rd at Michele Dr,72
445,Central Ave at Rollins Ave,72
1016,Peppermill Dr at Canyon Dr,72
27,2400 Chillum Rd,72
210,Annapolis Rd at 54th St,72
558,East-West Hwy at Prince George's Mall Ent.,72
1128,Rollins Ave at District Ave,72
832,Mandan Rd at Greenbelt Rd,71
624,Greenbelt Station Parkway at S. Center Drive,71
370,Brinkley Rd at Larwin Dr,71
1183,Southern Ave at 6th St SE,70
69,40th Pl at Gallatin St,70
244,Auth Rd at Clacton Ave,70
1021,Piscataway Rd at Brandywine Rd,70
697,INDIAN HEAD HIGHWAY & AUDREY LANE,70
967,Owens Rd at Wheeler Rd,70
1265,Temple Hill Rd at Hagan Rd,70
1178,Silver Hill Rd at Swann Rd,69
267,Baltimore Ave at Knox Rd,69
1026,Pontiac St at 60th Ave,68
618,Greenbelt Rd at Lakecrest Dr,68
405,Campus Way North at St Joseph's Dr,68
444,Central Ave at Ritchie Rd,68
1055,Ray Rd at Madison St,68
192,Allentown Rd at Kingston Dr,67
423,Capitol Heights Blvd at Emmet St,67
553,East Capitol St at Old Central Ave,67
1317,Walker Mill Rd at Tanow Pl,66
1166,Sheriff Rd at MLK Highway,66
369,Brinkley Rd at Kildare Ct,66
257,Baltimore Ave at East West Hwy,65
95,54th Ave at Jefferson St,65
240,Auth Rd at #6208-6220,65
980,Oxon Hill Rd at Harborview Rd,65
305,Bock Rd at National Christian Academy (6700),64
941,Old Silver Hill Rd at Parkland Ct (E),64
82,42nd Ave at Madison St,64
574,Fieldstone Way,64
238,Auburn Ave at Chestnut Ave,63
204,Allentown Way at Allentown Rd (Aldi's),63
510,County Rd at Belwood St,63
439,Central Ave at Garrett A Morgan Blvd,63
661,Hanover Pkwy at Opp. Hunting Ridge Club Apts,63
1264,Temple Hill Rd at Fisher Rd,63
1122,Riverdale Rd at Tanglewood Dr,62
707,Indian Head Highway (MD. RTE. 210) at Livingston Road,62
960,Owens Rd at Irvington St,62
1311,Walker Mill Dr at New Mt. Nebo Baptist Church,62
486,College Park Metro Station - Bus Bay T8,62
743,Kipling Pkwy at Ritchie Rd,62
1123,Riverdale Rd at Taylor Rd,62
71,4112 Whitehall Square Apts,61
1087,Ritchie Rd at Overton Dr,61
407,Campus Way S at PGCC Entrance,61
380,Brinkley Rd at Saint Ignatius Dr,60
737,Kipling Pkwy at Council Dr,60
1085,Ritchie Rd at Mane Ln,60
1029,Pontiac St at Edmonston Rd,60
1041,Queensbury Rd at 41st Ave,60
1219,St Barnabas Rd at Frazier Ter,60
275,Baltimore Ave at Riverdale Rd,60
35,28th Pkwy at Curtis Dr,60
1096,Ritchie Rd at Walker Mill Rd,59
378,Brinkley Rd at Rose Croft Shopping Center,59
1127,Rollins Ave at 1506 Rollins Ave,59
1240,Suitland Rd at Homer Ave,59
212,Annapolis Rd at Bladensburg Elem. School,58
297,Bladensburg Rd at 40th Ave,58
116,8301 Professional Pl,58
1309,Volta Ave at Rhode Island Ave,58
375,Brinkley Rd at Morton Place,58
479,Chillum Rd at Shoppers Food,58
1272,Temple Hill Rd at Opp. Southeast Mobile Estates,58
281,Baltimore Ave at University Blvd,58
831,Mandan Rd at Canning Terr,58
522,Crescent Rd at Ridge Rd,58
1076,Ridgefield Blvd at Stretford Ct,58
363,Brinkley Rd at George Washington Dr,58
1149,Saint Barnabas Rd at Barrowfield Rd,57
758,Landover Rd at 56th Ave,57
311,Branch Ave Station - Arrival,57
388,Brooks Dr at Marlboro Pike,57
179,Ager Rd at Nicholson St,57
345,Brightseat Rd at Glenarden Library,57
347,Brightseat Rd at Hamlin St,57
1195,Southern Ave at Owens Rd,57
1331,Woodyard Rd at Marlboro Pike,57
159,Addison Rd at Adel St,57
307,Bock Rd at Saint Barnabas Rd,57
1186,Southern Ave at Barnaby Road,57
649,Hampton Park Boulevard at East Hampton Dr,57
60,38th St at Upshur St,57
1074,Rhode Island at Wallace Rd Prem #4511,56
1278,Temple Hill Rd at Santeetlah Dr,56
1222,St Barnabas Rd at Lime St,56
68,40th Pl at Crittenden,56
117,8343 Ardwick-Ardmore Rd,56
114,8300 Corporate Dr,56
209,Annapolis Rd at 54th Pl,56
1044,Queensbury Rd at Baltimore Ave,56
556,East Swan Creek at Olde Fort Village Shopping Center,56
280,Baltimore Ave at Underwood St,56
12,14th Ave at Kanawha St,56
1299,Valley Trail Ln at Romford Dr,56
73,414 Brightseat Rd,56
580,Fisher Rd at Heather Hill Ent.,56
393,CAB - Arrival,56
838,Marlboro Pike at Glacier Ave,55
720,Jericho Residences,55
455,Chatsfield Way at Tweed Way,55
140,ALLENTOWN ROAD & PAYNE DRIVE,55
85,42nd Ave at Oliver St,55
1208,Southway at Crescent Rd,54
903,Old Alexandria Ferry Rd at Opp. Alexandria Bussiness Park,54
759,Landover Rd at 57th Ave,54
1301,Village Dr West at Clairfield Ln,54
1333,Woodyard Rd at Pine View Ln,54
1125,Rochelle Ave at Elmhurst St,54
123,9240 Springhill Ln,54
282,Baltimore Ave at Van Buren St,53
658,Hanover Pkwy at Hunting Ridge Club Apts,53
38,28th Pl at Russell Ave,53
868,Metro Dr at Gate 7 Security Booth,52
1297,Valley Trail Ln at Bain Dr 2,52
681,Highview Pl at Onslow Way,52
898,Old Alexandria Ferry Rd at Heflin Dr,52
203,Allentown Way at Allentown Rd,52
56,38th St at Parkwood St,52
754,Landover Metro Station - Arrival,51
406,Campus Way North at Tulip Tree Dr,51
456,Cherrywood Ln at Greenbelt Federal Courthouse,51
544,Donnell Dr at 2900 Donnell Dr,51
1040,Queensbury Rd at 39th Pl,51
994,Oxon Run Dr at Oxon Run Ct,51
412,Campus Way South at Harry S Truman Dr,50
353,Brightseat Rd at Opp. Maple Ridge Apts #1,50
930,Old Marlboro Pike at Ritchie-Marlboro Rd,50
99,5827 Allentown Way at Old Branch Ave,50
815,MLK Jr Hwy at Carrington Ave,50
87,4412 Suitland Rd (Opposite),49
696,Hubbard Rd at Martin Luther King,49
1131,Rollins Ave at Upcot Ct,49
1160,Sheriff Rd at Dutch Village Dr,49
395,CAMPUS WAY NORTH AT BYWARD BLVD,49
248,Auth Rd at Magruder Ave,49
1201,Southern Ave opposite B St SE,49
1119,Riverdale Rd at Heritage Square Apts,49
1142,SOUTHERN AVENUE & WHEELER ROAD AM NS,49
105,6625 Bock Rd,48
98,5805 Queens Chapel Rd,48
788,Largo Rd at Town Farm Rd,48
81,42nd Ave at Jefferson St,48
733,Kenilworth Ave at Nicholson St,48
1268,Temple Hill Rd at Lakeview Dr,48
225,Ardwick-Ardmore Rd at West St,48
879,Nalley Rd at Kaplan Ct,48
1260,Temple Hill Rd at Badger Ave,48
1296,Valley Trail Ln at Bain Dr 1,48
476,Chillum Rd at Buchanan St,48
321,Brandywine Rd at Old Marbury Rd,48
534,District Heights Municipal Bldg,47
924,Old Marlboro Pike at Marlborough Dr,47
762,Landover Rd at 75th Ave,47
636,Greenway Center (PM Northbound),47
620,Greenbelt Rd at Walker Dr,46
1266,Temple Hill Rd at Henderson Rd,46
344,Brightseat Rd at Glen Valley Dr,46
336,Brightseat Rd at Arena Dr (Campus Way),46
1133,SOUTHERN AVENUE & 6TH STREET SE,46
537,District Heights Pkwy at Marbury Ct (E),46
1072,Rhode Island Ave at Webster St,46
1145,SOUTHERN AVENUE at OPP ROBERT YELDELL TOWER,46
466,Cheverly Ave at Inwood St,46
230,Arundel Rd at 29th St,45
1308,Volta Ave at 39th Pl,45
738,Kipling Pkwy at Glendora Dr,45
570,Fairlawn St at 28th Pkwy,45
877,Nalley Rd at East Nalley Rd,45
235,Auburn Ave at 1st St,45
505,Council Dr at Foster St,45
149,ALLENTOWN ROAD & WEBSTER LANE,45
608,Good Luck Rd at Silk Tree Dr,45
266,Baltimore Ave at Jefferson St,44
111,8100 Sheriff Rd,44
361,Brinkley Rd at Cherryfield Rd,44
951,Opp. 5805 Queens Chapel Rd,44
46,3404 Dodge Park Rd,44
194,Allentown Rd at Opp. 5711 AFCU Allentown Rd,44
555,East Capitol Street at Maryland Park Drive,44
897,Old Alexandria Ferry Rd at Bellefonte Ln,44
627,Greenbrook Dr at Hanover Pkwy,44
585,Fort Washington Fringe Lot Bus Bay B,44
160,Addison Rd at Baltic St,44
75,4192 Whitehall Square Apts,44
67,40plgall_nb,43
825,MLK Jr Hwy at Southland Dr,43
1027,Pontiac St at 63rd Ave,43
1140,SOUTHERN AVENUE & OWENS ROAD,43
463,Cheverly Ave at Columbia Park Rd,43
912,Old Branch Ave at Opp. 6811 Old Branch Ave,43
1248,TUCKER ROAD & ARUNDEL ROAD,43
944,Opp 3133 Pennsy Dr,43
1188,Southern Ave at C St,43
628,Greenbrook Dr at Ora Glen Dr,42
1302,Village Dr West at Eyre Dr South,42
53,38th St at Gaines Pl,42
465,Cheverly Ave at Forest Rd,42
136,ALLENTOWN ROAD & LANHAM LANE,42
1282,Temple Hill Rd at Temple Hill Community Center,42
691,Hillside Rd at Laurel Hill Rd,42
174,Ager Rd at 23rd Ave,41
501,Columbia Park Rd at Stanford Court,41
442,Central Ave at Norair Ave,41
804,Lottsford Rd at Lottsford Rd,41
446,Central Ave at Soper Ln,41
199,Allentown Rd at Waldran Ave,41
1187,Southern Ave at Bonini Rd,41
298,Bladensburg Rd at 40th Pl,41
349,Brightseat Rd at Maple Ridge Apts #1,41
801,Lottsford Rd at Grand Blvd,40
860,McCormick Dr at Opp. UMUC Building,40
165,Addison Rd at Health Center Ent.,40
964,Owens Rd at Norlinda Ave,40
1091,Ritchie Rd at Ritchie-Marlboro Rd,40
638,Gwendolyn Britt Center,40
1075,Ridgefield Blvd at Sgt. Harman Ln,40
816,MLK Jr Hwy at Carrington Dr,40
1023,Piscataway Rd at Hardesty Dr,40
492,Columbia Park Rd at Beaver Rd,39
1220,St Barnabas Rd at Hagan Rd,39
597,Goddard Space Flight Center Main Gate (Northbound),39
1019,Peppermill Dr at Pepper St,39
698,INDIAN HEAD HIGHWAY & LIVINGSTON ROAD,39
403,Campus Way North at Collington Campus,39
337,Brightseat Rd at Arena Dr (Largo),38
488,College Park Station,38
490,Columbia Park Rd at 64th Ave,38
351,Brightseat Rd at McCLain Ave,38
415,Campus Way South at Prince Place,38
364,Brinkley Rd at Glen Oak Dr,38
1203,Southern Maryland Hospital (Hidden Arrival),38
1318,Walker Mill Rd at Weber Dr,38
1223,St Barnabas Rd at Opp. Gateway Square Apts,38
217,Apollo Dr at Mercantile Ln,37
1017,Peppermill Dr at Central Ave,37
823,MLK Jr Hwy at Ryderwood Court,37
670,Harry S Truman Dr at New Orchard Dr,37
1307,Village Green Dr at Sheriff Rd,37
641,Hamilton St at 31st Ave - in,37
1151,Saint Barnabas Rd at Caryhurst Dr,37
560,East-West Hwy at Toledo Terr,37
178,Ager Rd at Nicholson,37
32,28th Ave at Kenton Pl,36
23,23rd Ave at Fordham St,36
357,Brinkley Rd at Anderson Dr,36
309,Bock Rd at Technology Recreation Complex,36
308,Bock Rd at Sourwood Ln,36
863,Melwood Training Center,36
1052,Ray Rd at Balfour Dr,36
616,Greenbelt Rd at Greenbelt Park Entrance,36
901,Old Alexandria Ferry Rd at Malcom Rd,36
1155,Sheriff Rd at Belle Haven Dr,36
246,Auth Rd at Gloria Dr,36
175,Ager Rd at 29th Ave,36
813,MLK Jr Hwy at Booker Dr,35
96,5600 54th Ave,35
1295,Upshur St at 30th St,35
827,Madison St at Madison Ct,35
1196,Southern Ave at Robert Yedell Tower,35
341,Brightseat Rd at Continental Pl,35
771,Largo Dr at Kirkham Ln,35
1185,Southern Ave at B St SE,35
454,Chatsfield Way at Reading Ter,35
1226,St Barnabas Rd at Wheeler Rd,35
171,Addison Rd at Wilburn Dr,35
637,Greenway Center (PM Southbound),35
971,Oxon Hill Fringe Parking Lot at Bus Bay F,34
1325,Willow Hill Dr at Stevenson Ln,34
1314,Walker Mill Rd at Brooksquare Dr,34
578,Fisher Rd at Fisher Dr,34
750,Lamont Dr at Larchwood St,34
1329,Woodyard Rd at Autumn Way,34
1082,Ritchie Rd at Edgeworth Dr,34
88,442 Harry S Truman Dr,34
372,Brinkley Rd at Mark Dr,34
1169,Sheriff Rd at Village Green Dr,34
878,Nalley Rd at Green Willow Ct,34
1294,Upshur St at 28th St,34
906,Old Branch Ave at 6811 Old Branch Ave,33
1126,Rollins Av at Modupeola Way,33
1083,Ritchie Rd at Farrs Ln,33
862,McCormick Dr at UMUC,33
932,Old Marlboro Pike at SHA Facility,33
1164,Sheriff Rd at Glen Willow Dr - South Side,33
0,10053 Campus Way South,33
348,Brightseat Rd at MD 202,33
118,8401 Corporate Dr,33
689,Hillside Rd at Crescent Rd,33
318,Brandywine Rd at Horshoe Rd,33
3,10233 Campus Way South,33
303,Bock Rd at Belfast Dr,33
362,Brinkley Rd at Farmer Dr,33
610,Good Luck Rd at Terra Alta Dr,33
713,Indian Head Highway at Tecumseh Dr,33
660,Hanover Pkwy at Megan Ln,33
685,Hill Rd at Mountain View Way,33
360,Brinkley Rd at Bushey Dr,32
796,Lords Landing Rd at Brown Station Rd,32
242,Auth Rd at Braymer Ave,32
61,38th St at Utah Ave,32
315,Brandywine Rd at Clinton Manor Dr,32
161,Addison Rd at Crown St,32
677,Highmount Ln at Brooke Rd,32
805,Lottsford Rd at McCormick Dr,32
1262,Temple Hill Rd at Cedell Pl,32
1172,Silver Hill Rd at Metro Dr,32
1143,SOUTHERN AVENUE & WHEELER ROAD PM FS,32
1000,PALMER ROAD & POTOMAC HEIGHTS DRIVE,32
1010,Paint Branch Parkway at Baltimore Ave,31
761,Landover Rd at 58th Pl,31
1081,Ritchie Rd at Dennis Ct,31
937,Old Pike Way at 5620 Old Pike Way,30
995,PALMER ROAD & DELLA LANE,30
229,Arundel Rd at 25th Ave,30
449,Central Ave at Ventura Ave,30
595,Garrett A. Morgan Blvd at Rear Morgan Blvd Station Walkway,30
598,Goddard Space Flight Center Main Gate (PM Southbound),30
1116,Riverdale Rd at Eastpine Dr,30
686,Hill Rd at Willow Hill Dr,30
181,Ager Rd at Peabody St,30
40,3119 75th Ave (Overland Gardens),30
233,Ashwood Dr at Ritche Rd,30
106,6801 Woodside Village Apts,29
880,Nalley Rd at Michele Ct,29
493,Columbia Park Rd at Cabin Branch Dr,29
195,Allentown Rd at Opp. Leon St,29
1069,Rhode Island Ave at Shepherd St,29
2,10147 Campus Way South,29
639,Halloway South at Village Dr West,29
957,Ora Glen Dr at Mandan Rd,29
316,Brandywine Rd at Clinton Way,29
592,Garrett A. Morgan Blvd at Gibbs Way,28
748,Lamont Dr at Fairbanks St,28
790,Largo Rd at Watkins Park Dr,28
1063,Rhode Island Ave at 43rd Ave,28
589,Gallatin St at 43rd Ave,28
954,Opp. 8214 Sheriff Rd,28
781,Largo Rd at Kent Dr,28
1068,Rhode Island Ave at Gallatin St,28
55,38th St at Jackson Ave,28
959,Owens Rd at Barnaby Run Dr,27
911,Old Branch Ave at Kirby Ln,27
853,Matapeake Business Dr at Target Store (Hidden Arrival),27
139,ALLENTOWN ROAD & PATS LANE,27
499,Columbia Park Rd at Oregon Ave,27
933,Old Marlboro Pike at Spring Dr,27
856,McConnell Dr at Village Dr West,27
86,42nd Ave at Queensbury Rd,27
765,Landover Rd at Firehouse Rd,27
1018,Peppermill Dr at Hastings Dr,27
396,CAMPUS WAY NORTH AT HILLANDALE WAY,27
706,Indian Head Highway (MD RTE. 210) at Livingston Rd,27
48,34th St at Bunker Hill Rd,27
425,Capitol Heights Blvd at Heath St,27
567,Equestrian Center Lot 1 (Hidden Arrival,26
934,Old Marlboro Pike at Starting Gate Dr,26
1258,Temple Hill Rd at 9425 Oahu St,26
125,9654 Lottsford Road,26
847,Marlboro Pike at US Rte 301,26
1,10100 Campus Way S,26
1221,St Barnabas Rd at Kernal Ln,26
1060,Rhode Island Ave at 41st Pl,26
452,Centre Pointe Office Park,26
202,Allentown Rd at Westchester Dr,26
59,38th St at Taylor St,26
961,Owens Rd at Iverson St,26
399,Cabin Branch Dr at Whole Foods Entrance,26
245,Auth Rd at Dublin Dr,26
1048,Rainier Ave at Upshur St,26
176,Ager Rd at Kirkwood Place,26
635,Greenway Center (AM Southbound),25
1241,Suitland Rd at Opp. Suitland Federal Center Gate 3,25
626,Greenbrook Dr at Chartwell Pl,25
1146,SOUTHERN AVENUE at UNITED MEDICAL CENTER,25
1300,Village Dr West at Bishopmill Dr,25
865,Merchantile Ln at Technology Way,25
1028,Pontiac St at Cunningham Dr,25
1170,Sheriff Rd at William Paca School,24
918,Old Marlboro Pike at Atherstone Terrace,24
128,ALLENTOWN ROAD & BURGESS LANE,24
1114,Riverdale Rd at 67th Pl,24
147,ALLENTOWN ROAD & VERNON DRIVE,24
928,Old Marlboro Pike at Old Mill Rd,24
808,Lottsford at McCormick Dr,24
778,Largo Rd at Eton Dr,24
916,Old Landover Rd at Landover Rd,24
458,Cherrywood Ln at Ivy Ln,23
1168,Sheriff Rd at Opp. William Paca School,23
301,Bladensburg Rd at 43rd Ave,23
507,Council Dr at Kipling Pkwy,23
1042,Queensbury Rd at 42nd Pl,23
861,McCormick Dr at Peppercorn Pl,23
21,23rd Ave at Chapman Rd,23
144,ALLENTOWN ROAD & TEMPLE HILL ROAD AM NS,23
518,Crescent Rd at 58 Court,23
731,Kanawha St at 14th Ave,22
1193,Southern Ave at H St,22
1335,Woodyard Rd at Tanglewood Center,22
1038,Queens Chapel Road at Queensbury Rd,22
1037,Queens Chapel Rd at Oliver St,22
587,Ft Washington Rd at Indian Head Hwy,22
177,Ager Rd at Lancer Dr,22
1073,Rhode Island Avenue at Opp 37th Pl,22
1061,Rhode Island Ave at 41st Place,22
302,Bock Rd at 6801 Woodside Village Apts,22
62,38th St at Volta Ave,22
692,Hillside Rd at Northway,22
436,Central Ave at Cabin Branch Rd,21
1046,Rainier Ave at 34th St,21
693,Hillside Rd at Research Rd,21
953,Opp. 8100 Professional Pl,21
221,Ardwick-Ardmore Rd at Preston St,21
408,Campus Way S at Prince Place (W),21
908,Old Branch Ave at Allentown Way - Arrival,21
472,Chillum Rd at 18th Ave,21
163,Addison Rd at Eads St,21
764,Landover Rd at Arena Dr,21
440,Central Ave at Hampton Park Blvd,21
332,Brightseat Rd at 901 Brightseat Rd,21
1174,Silver Hill Rd at Penn Station,21
1022,Piscataway Rd at Gwynndale Dr,20
1071,Rhode Island Ave at Wallace Rd,20
665,Hanover Pkwy at Spring Manor Dr,20
1312,Walker Mill Dr at Solid Rock Full Gospel Baptist Church,20
319,Brandywine Rd at Lytton Ave,20
340,Brightseat Rd at Bishop Peebles Dr (Largo),20
845,Marlboro Pike at Opus Ave,20
402,Campus Drive at Baltimore Ave,20
339,Brightseat Rd at Bishop Peebles Dr (Campus Way),20
1292,University Blvd at Phelps Rd,20
234,Ashwood Dr at Ritchie Rd,20
1205,Southway at 10 Court,20
882,Nalley Rd at Nalley Ter,20
1148,Saint Barnabas Rd at Barrowfield Ct,20
14,1515 Rollins Ave,19
726,John Rogers Blvd at Farnsworth Ln,19
497,Columbia Park Rd at Opp. ABC Supply Co,19
891,Nova Ave at Doppler St,19
1289,US Rte 301 at Marlboro Pike,19
1235,Suffolk Ave at Bend St,19
39,28th Pl at Upshur St,19
590,Gallatin St at Church Pl,19
143,ALLENTOWN ROAD & TEMPLE HILL ROAD AM FS,19
586,Fort Washington Rd at Indian Head Highway,19
581,Fisher Rd at Holton Ln,19
371,Brinkley Rd at Lujean Ln,19
594,Garrett A. Morgan Blvd at Morgan Blvd Station Ent.,19
1138,SOUTHERN AVENUE & E. MEADOW COURT,19
265,Baltimore Ave at Indian Ln,19
251,Baltimore Ave at Amherst Rd,19
249,Auth Rd at Oakland Way,19
41,3133 Pennsy Dr,18
109,800 Ritchie Rd,18
293,Benning Rd at Abel Ave,18
424,Capitol Heights Blvd at Gunther St,18
634,Greenway Center (AM Northbound),18
327,Brandywine Road at Dennison Drive,18
1231,Stuart Ln at Surrats Rd,18
134,ALLENTOWN ROAD & KAREN ANNE DRIVE,18
671,Harry S Truman Dr at Woodlawn Blvd,18
90,508 Suffolk Ave,18
1225,St Barnabas Rd at Temple Hill Rd,18
630,Greenhill Rd at Crescent Rd,18
1285,Toldeo Rd at Belcrest Rd,17
382,Brinkley Rd at Summer Hill Rd,17
839,Marlboro Pike at Jansen Ave,17
830,Mandan Rd at 7648 Mandan Rd,17
859,McCormick Dr at Lottsford Rd,17
124,9400 Peppercorn Pl,17
262,Baltimore Ave at Harrison Ave,17
572,Farragut St and 42nd Pl,17
791,Largo Rd at West Kettering Dr,17
921,Old Marlboro Pike at Derby Manor Ln,17
11,1441 McCormick Dr,17
625,Greenbelt Station Parkway at Streambank Lane,17
1157,Sheriff Rd at Countrywood Ct,17
785,Largo Rd at Mount Lubentia Way,17
467,Cheverly Ave at Kilmer St,17
779,Largo Rd at Hancock Dr,17
1206,Southway at 11 Court,17
552,East Capitol St at Maryland Park Dr,17
787,Largo Rd at Riverdale Bapt School,17
326,Brandywine Road at Brooke Jane Drive,16
504,Council Dr at Elmhurst St,16
1065,Rhode Island Ave at Charles Armentrout Way,16
533,Dille Dr at Correctional Center,16
228,Arena Dr at Shoppers Way (Largo),16
9,1400 Merchantile Ln,16
745,LOTTSFORD RD AT MCCORMICK DRIVE,16
224,Ardwick-Ardmore Rd at UPS Customer Center,16
935,Old Marlboro Pike at Weldon Manor Ln,16
145,ALLENTOWN ROAD & TEMPLE HILL ROAD PM FS,16
687,Hilll Dr at Mountain View,16
374,Brinkley Rd at Morton Pl,15
429,Cedar Heights Dr at Jefferson Heights Dr,15
1109,Riverdale Rd at 61st Pl,15
1107,Riverdale Rd at 5800 Block,15
709,Indian Head Highway (MD. RTE. 210) at Talbert Drive,15
564,Elm St at Governor Oden Bowie Dr,15
768,Landover Rd at Pinebrook Rd,15
76,4211 Suitland Rd (Opposite),15
1013,Pennsylvania Ave at Old Marlboro Pl,14
475,Chillum Rd at 21st Pl - in,14
728,John Rogers Blvd at Lord's Landing Rd,14
78,42nd At Jefferson St,14
599,Goddard Space Flight Center Main Gate (Southbound),14
929,Old Marlboro Pike at Peerless Ave,14
333,Brightseat Rd at Amador Dr,14
573,Farragut St at Rhode Island Ave,14
632,Greenhill Rd at Orange Ct,14
352,Brightseat Rd at McLain Avenue,14
629,Greenbrook Dr at Sunset Pl,14
1047,Rainier Ave at Taylor St,14
222,Ardwick-Ardmore Rd at UPS Building #8325,14
600,Goddard Space Flight Center Visitors Center (Northbound),13
226,Arena Dr at Captial Center Blvd,13
792,Largo Rd at White House Rd,13
155,Access rd at West Court Dr,13
676,Hastings Dr at Yorknolls Dr,13
346,Brightseat Rd at Glenarden Pkwy,13
528,Cypresstree Dr at Lee Pl,13
1181,Southern Ave Station Bay E - Arrival,13
800,Lottsford Rd at 8951 Lottsford Rd,13
1110,Riverdale Rd at 62nd Pl,13
506,Council Dr at Gateway Blvd,13
817,MLK Jr Hwy at Columbia Ave,13
939,Old Silver Hill Rd at Addison Ave,13
422,Capitol Heights Blvd at Central Ave,12
923,Old Marlboro Pike at Mapleshade Ln,12
920,Old Marlboro Pike at Charles Mill Blvd,12
524,Cypress Tree Dr at Juniper Tree Ln,12
894,OLD BRANCH AVENUE at ALLENTOWN WAY,12
460,Cheverly Ave at Arbor St,12
272,Baltimore Ave at Queens Chapel Rd,12
131,ALLENTOWN ROAD & DODGE LANE,12
1011,Pennsy Dr at 75th Ave,12
948,Opp. 1300 McCormick Dr,12
695,Hubbard Rd at Dodge Park Rd,12
952,Opp. 8030 Sheriff Rd,12
966,Owens Rd at Weaver Ter,12
80,42nd Ave and Queensbury Rd,12
673,Hastings Dr at Hill Rd,12
699,INDIAN HEAD HIGHWAY & OXON FARM RD,12
892,Nova Ave at Marlboro Pike,11
806,Lottsford Rd at Tulip Tree Dr,11
1134,SOUTHERN AVENUE & 9TH STREET SE,11
1136,SOUTHERN AVENUE & BONINI ROAD,11
141,ALLENTOWN ROAD & PLEASANT HILL DRIVE,11
679,Highview Pl at Hanbury Ct,11
776,Largo Rd at Chirstian Academy,11
187,Allentown Rd at Brinkley Rd (Family Services),11
834,Mandan Rd at Mandan Rd Ct,11
521,Crescent Rd at Parkway,11
291,Belle Haven Dr at Village Green Dr,11
110,8100 Professional Pl,10
400,Calvert Park Apartments,10
1245,Suitland Rd at Towne Park Rd,10
797,Lords Landing Rd at John Rogers Blvd,10
795,Livingston Rd at Fort Alamo Pl,10
129,ALLENTOWN ROAD & COMET DRIVE,10
700,INDIAN HEAD HIGHWAY & SENECA DRIVE,10
468,Cheverly Ave at Lombard St,10
958,Ora Glen Dr at Morrison Dr,10
241,Auth Rd at 5812 Dublin Dr,10
1171,Sheriff Rd at Willowood Ct,10
983,Oxon Hill Rd at Kerby Pkwy,10
588,Gallatin St at 42rd Ave,10
1159,Sheriff Rd at Cypresstree Dr,10
997,PALMER ROAD & FRAN DEL DRIVE,10
612,Governor Oden Bowie Dr at Elm St,10
1008,PGCC Perimeter Rd at R.I. Brickford Building,10
295,Benning Rd at Southern Ave,10
520,Crescent Rd at Lastner Ln,10
1154,Sheriff Rd at 1700 Dutch Village Dr,9
1141,SOUTHERN AVENUE & ROBERT YELDELL TOWER,9
1257,Taylor Rd at Riverdale Rd,9
290,Belle Haven Dr at Nalley Rd,9
386,Brooke Rd at Highmount Ln,9
1247,TUCKER RD & ALLENTOWN RD,9
320,Brandywine Rd at Lytton Ave.,9
1254,TUCKER ROAD & ROSE MARIE DRIVE,9
387,Brooke Rd at Highview Pl,9
43,3300 75th Ave,9
464,Cheverly Ave at Euclid St,9
526,Cypress Tree Dr at Lee Pl,9
1039,Queensbury Rd and 39th Pl,9
603,Good Luck Rd at Crest Park Dr,9
609,Good Luck Rd at Sora Ln,9
1306,Village Green Dr at Belle Haven Dr,9
675,Hastings Dr at Valley Park Rd,9
1135,SOUTHERN AVENUE & BARNABY ROAD,9
688,Hillside Rd at 19 Court,9
79,42nd Ave and Oliver St,9
955,Opp. 8951 Lottsford Rd,9
517,Crescent Cities Center,9
430,Cedar Heights Dr at K St,9
774,Largo Rd at Brock Rd,9
419,Capitol Heights Blvd at 734 Capitol Heights Blvd,9
1124,Riverdale Road and Opp. Calvert Park Apartments,9
786,Largo Rd at Opp. Town Farm Rd,9
946,Opp Truman Manor Entrance,8
1323,Willow Hill Dr at Hill Rd,8
197,Allentown Rd at Robin Ln,8
682,Highview Pl at Sunbury Ct,8
886,New Carrollton Station (Arrival),8
622,Greenbelt Road (MD. RTE. 193) at NASA Goddard Main Gate(AM),8
591,Garrett A Morgan Blvd at Ridgefield Blvd,8
780,Largo Rd at Homestead Dr,8
551,East Capital Street at Old Central Ave,8
6,11711 Livingston Rd at Fort Washington Medical Center,8
237,Auburn Ave at 3rd St,8
250,Auth Rd at Procopio Dr,8
338,Brightseat Rd at Bishop Peebles Dr,8
1101,River Rd at Rivertech Ct,8
434,Central Ave at Bayou Ave,8
92,5210 St Barnabas Rd,8
418,Capitol Heights Blvd at 733 Capitol Heights Blvd,8
426,Capitol Heights Blvd at Ute Way,8
474,Chillum Rd at 21st Pl,8
108,7711 Old Alexandria Ferry Rd,8
684,Hill Dr at Mountain View Way,7
142,ALLENTOWN ROAD & PRINCE GEORGES DRIVE,7
735,Kenilworth Ave at Tennyson St,7
133,ALLENTOWN ROAD & JOCELLE COURT,7
703,INDIAN HEAD HIGHWAY & TECUMSEH DR,7
231,Arundel Rd at 34th Ave,7
799,Lords Landing Rd at Lord Sterling Pl,7
936,Old Marlboro at Mount Airy Ln,7
532,Dille Dr at Brown Station Rd,7
841,Marlboro Pike at Larchmont Ave,7
1167,Sheriff Rd at Opp. Giant Food Landover Distr. Center,7
947,Opp. 10701 Livingston Rd at Harmony Hall,7
432,Cedar Heights at Lee Pl,6
945,Opp 3300 Pennsy Dr,6
734,Kenilworth Ave at Sarvis Ave,6
727,John Rogers Blvd at Governor's Grove,6
1324,Willow Hill Dr at Nalley Rd,6
723,John Rogers Blvd at Captain Duval Dr,6
965,Owens Rd at Owens Rd Elementary Ent,6
1150,Saint Barnabas Rd at Bock Rd,6
683,Hill Dr at Mountain View,6
605,Good Luck Rd at Kenilworth Ave,6
331,Brightseat Rd at 1000 Jericho City Drive,6
1336,cps_t8_n,6
1043,Queensbury Rd at 44th Ave,6
1249,TUCKER ROAD & BOCK ROAD,6
148,ALLENTOWN ROAD & WALDRAN DRIVE,6
392,Brown Station Rd at Dille Dr,6
1104,Riverdale Rd at 49th Ave,6
127,ALLENTOWN ROAD & BRINKLEY ROAD,6
1117,Riverdale Rd at Fernwood Terrance,6
982,Oxon Hill Rd at Jollyn Rd,6
1100,River Rd at Kenilworth Ave,6
150,ALLENTOWN ROAD & WESTCHESTER COURT,5
917,Old Marlboro Pike  at Peerless Ave,5
1236,Suffolk Ave at Central Ave,5
896,Old Alexandria Ferry Rd at Alexandria Ferry Business Park,5
719,Jericho City Dr at Brightseat Rd.,5
767,Landover Rd at Lake Arbor Way,5
8,1400 McCormick Dr,5
491,Columbia Park Rd at ABC Supply Co.,5
450,Central Ave at Xenia Ave,5
1305,Village Dr West at McConnell Dr,5
527,Cypress Tree Drive at Juniper Tree Lane,5
45,3321 75th Ave,5
702,INDIAN HEAD HIGHWAY & TALBERT STREET,5
447,Central Ave at Tunic Ave,5
461,Cheverly Ave at Belleview Ave,5
1111,Riverdale Rd at 63rd Ave,5
631,Greenhill Rd at Greenway Pl,5
306,Bock Rd at Opp. Belfast Drive,5
783,Largo Rd at Kirkland Ln,4
398,Cabin Branch Dr at Opp. Whole Foods Entrance,4
596,Garrett A. Morgan Blvd at SGT. Hartman Ln,4
798,Lords Landing Rd at Lord Fairfax Pl,4
1033,Queen Chapel Rd at Queensbury Rd,4
1251,TUCKER ROAD & PALMER ROAD,4
1252,TUCKER ROAD & RIDGEVALE AVENUE,4
121,8951 Lottsford Rd,4
1218,St Barnabas Rd at Frazier Dr,4
991,Oxon Hill Rd at Tanger Outlet,4
137,ALLENTOWN ROAD & OLD BRANCH AVENUE,4
1316,Walker Mill Rd at Rollins Ave,4
890,Nova Ave at Central Ave,4
1156,Sheriff Rd at Cedar Heights Communnity Center,4
899,Old Alexandria Ferry Rd at Highland Meadows Dr,4
690,Hillside Rd at Hillside Court #6,4
183,Ager Road at Roanoke St,4
729,John Rogers Blvd at Old Marlboro Pike,4
356,Brightseat Rd at Sterling St,4
227,Arena Dr at Shoppers Way (Campus Way),4
29,2810 TUCKER ROAD,4
772,Largo Rd  at Water Foul Way,4
1273,Temple Hill Rd at Opp. Temple Hill Community Center,3
10,1405 Rollins Ave,3
89,503 Capitol Heights Blvd,3
1337,cps_t8_s,3
441,Central Ave at Maryland Park Dr,3
1209,Southway at Ridge Rd,3
1015,Pennsylvania Ave at Suitland Pkwy,3
601,Goddard Space Flight Center Visitors Center (Southbound),3
987,Oxon Hill Rd at Oxon Hill Manor,3
766,Landover Rd at Kent Town Place,3
433,Central Ave at Balboa Ave,3
992,Oxon Hill Rd at Tor Bryan Rd,3
335,Brightseat Rd at Arena Dr,3
236,Auburn Ave at 2nd St,3
716,Jefferson St at Kenilworth Ave,3
1207,Southway at 7 Court,3
972,Oxon Hill Rd OXON HILL FRINGE at Oxon Rd (arrival) (Arrival),3
1210,Springhill Dr at 6027 Springhill Dr,3
927,Old Marlboro Pike at Mount Airy Ln,3
717,Jericho City Dr at 8500 Jericho City Dr,3
809,MERCANTILE LN AT TECHNOLOGY WAY,3
722,John Rogers Blvd at Ascott Dr,3
153,ALLENTOWN WAY & 5846 ALLENTOWN WAY,3
984,Oxon Hill Rd at Livingston Rd,2
443,Central Ave at Quire Ave,2
448,Central Ave at Vale Pl,2
462,Cheverly Ave at Cheverly Cir,2
904,Old Alexandria Ferry Rd at Poplar Hill Ln,2
718,Jericho City Dr at 8501 Jericho City Drive,2
523,Cypress Tree Dr at Cedar Heights Neighborhood Park,2
1253,TUCKER ROAD & RIDGEVALE ROAD,2
152,ALLENTOWN ROAD at BRINKLEY ROAD,2
65,400 Brightseat Rd,2
1303,Village Dr West at Halloway North,2
1304,Village Dr West at Halloway South,2
914,Old Crain Hwy at Villiage Drive West,2
1102,River Road and American Institute of Physics,2
993,Oxon Hill at Joellyn Ct,2
873,Motor Vehicle Administration - Arrival,2
1147,STARS ENTRANCE GAYLORD HOTEL,2
182,Ager Rd at Powhattan Rd,2
289,Belle Haven Dr at Belle Haven Ct,2
1233,Stuart Ln at Topaz Ct,2
1163,Sheriff Rd at Glen Willow Dr,2
1108,Riverdale Rd at 60th Pl,2
1158,Sheriff Rd at Cypress Tree Dr,2
113,8210 Sheriff Rd,2
420,Capitol Heights Blvd at Bayou Ave,2
421,Capitol Heights Blvd at Brooke Rd,2
978,Oxon Hill Rd at Cresent Ridge Adult Day Health Center,1
44,3300 Pennsy Dr,1
694,Hillside Rd at Woodland Way,1
659,Hanover Pkwy at Lake Park Dr,1
979,Oxon Hill Rd at Cross Foxes Dr,1
49,3807 Old Crain Hwy,1
844,Marlboro Pike at Nova Ave,1
895,OXON HILL ROAD AT LIVINGSTON RD,1
525,Cypress Tree Dr at K St,1
1250,TUCKER ROAD & MARIE DRIVE,1
851,Marlborough Dr at Old Marlboro Pike,1
154,ALLENTOWN WAY & ALLENTOWN ROAD,1
858,McCormick Dr at Caraway Ct,1
130,ALLENTOWN ROAD & COOLRIDGE ROAD,1
126,ALLENTOWN ROAD & ALLENTOWN WAY,1
1162,Sheriff Rd at Giant Food Landover Distr. Center,1
769,Landover Rd at Prospect St,1
115,8300 Professional Pl,1
112,8201 Corporate Dr,1
431,Cedar Heights Dr at Lee Pl,1
482,Clairfield Lane - Arrival,1
489,College Park Station - Arrival,1
28,2809 TUCKER ROAD,1
725,John Rogers Blvd at Courtland Ln,0
833,Mandan Rd at Hanover Pkwy,0
146,ALLENTOWN ROAD & TEMPLE HILL ROAD PM NS,0
724,John Rogers Blvd at Colonel's Choice,0
50,3807 Old Crain Hwy - opposite,0
986,Oxon Hill Rd at Oxon Hill Fringe Parking Lot,0
66,403 Brightseat Rd,0
401,Campus Drive (EB) at Baltimore Ave,0
132,ALLENTOWN ROAD & GENNENE LANE,0
135,ALLENTOWN ROAD & KINGSTON DRIVE,0
223,Ardwick-Ardmore Rd at UPS Building #8440,0
1242,Suitland Rd at Opposite Prem. #4211,0
151,ALLENTOWN ROAD & WESTCHESTER DRIVE,0
498,Columbia Park Rd at Opp. ABC Supply Co.,0
